Food name,"Energy, with dietary fibre (kJ)",Protein (g),Total fat (g),"Available carbohydrates, with sugar alcohols (g)",Sugars (g),Dietary fibre (g),Calcium (Ca) (mg),Iron (Fe) (mg),Sodium (Na) (mg),Vitamin C (mg),Zinc (Zn) (mg)
"Chicken breast, grilled",800,31,3.5,0,0,0,15,1.2,75,0,1.0
"Brown rice, cooked",590,2.6,0.9,23,0.3,1.8,10,0.5,5,0,0.6
"Broccoli, steamed",130,3.5,0.4,2,1.5,3.3,47,0.9,33,89,0.4
Whole milk,270,3.4,3.6,4.8,4.8,0,120,0.1,44,1,0.4
Cheddar cheese,1700,25,33,0.1,0.1,0,721,0.3,620,0,3.1
"Egg, boiled",600,12.5,10.6,0.6,0.6,0,50,1.8,124,0,1.1
"Salmon, baked",900,25,13,0,0,0,12,0.8,59,0,0.6
"Spinach, raw",100,2.9,0.4,1.4,0.4,2.2,99,2.7,79,28,0.5
"Oats, cooked",400,2.5,1.5,12,0.5,1.7,10,1.0,5,0,0.5
Banana,370,1.1,0.3,20,12,2.6,5,0.3,1,8.7,0.2
"Lentils, cooked",480,9,0.4,17,1.8,7.9,19,3.3,2,1.5,1.3
Greek yogurt,400,10,0.7,3.6,3.6,0,110,0.1,36,0,0.5
"Sweet potato, baked",360,2,0.1,17,5.7,3,30,0.6,36,19.6,0.3
"Tuna, canned",500,25,2,0,0,0,15,1.4,320,0,0.8
Almonds,2400,21,50,7,3.9,12.5,264,3.7,1,0,3.1
Wholegrain bread,1000,9,3.4,38,3.4,6.5,73,2.5,400,0,1.5
"Beef mince, lean",850,22,10,0,0,0,18,2.7,75,0,4.8
"Tofu, firm",330,8,4.8,1.9,0.5,0.3,350,1.5,14,0,0.8
Kidney beans,450,8.7,0.5,16,0.3,6.4,28,2.9,2,1.2,1.1
"Carrot, raw",150,0.9,0.2,6.8,4.7,2.8,33,0.3,69,5.9,0.2
